trades,mean,variance,standard_deviation
0.000000,0.000000,0.000000,0.000000
1.000000,944.282951,1809189.967280,1345.061325
2.000000,782.052030,923442.549850,960.959182
3.000000,3203.851478,1139858.180709,1067.641410
4.000000,2500.000000,0.000000,0.000000
