OptionCount,Mean,Variance,StdDeviation
0.000000,0.000000,0.000000,0.000000
1.000000,917.734898,1774940.863654,1332.269066
2.000000,759.439200,915856.752309,957.004050
3.000000,3213.487492,1119894.574496,1058.250714
4.000000,2500.000000,0.000000,0.000000
